Beslutsdatum,Insats,Skäl till att beslutet ej verkställts
2023-02-13,"9 § 10 LSS, daglig
verksamhet","Avbrott i verkställighet, den enskilde medverkar inte
till verkställighet, pga hälsoskäl."
2023-04-17,"9 § 10 LSS, daglig
verksamhet","Avbrott i verkställighet, den enskilde har varit
föräldraledig. Tackat nej till erbjudande 2024-01-17."
2023-05-03,"9 § 10 LSS, daglig
verksamhet","Avbrott i verkställighet. Arbetsmiljöproblem relaterade
till den enskilde. Planering för återgång till DV
inplanerat."
2023-05-16,"9 § 10 LSS, daglig
verksamhet","Avbrott i verkställighet, den enskilde medverkar inte
till verkställighet och pga hälsotillstånd. Blivit erbjuden
annan DV-grupp, väntar på återkoppling från den
enskilde."
2023-06-14,"9 § 10 LSS, daglig
verksamhet","Avbrott i verkställighet, den enskilde medverkar inte
till verkställighet."
2023-06-22,"9 § 10 LSS, daglig
verksamhet","Avbrott i verkställighet, den enskilde medverkar inte
till verkställighet, vill inte ha insatsen."
2023-10-04,"9 § 10 LSS, daglig
verksamhet","Avbrott i verkställighet, tackat nej till 5 erbjudanden
2023-12-11, 2024-02-21, 2024-03-12, 2024-04-10 och
2024-05-07. Den enskilde vill avvakta då hen befinner
sig på annan ort."
2023-10-16,"9 § 10 LSS, daglig
verksamhet","Avbrott i verkställighet, pga hälsotillstånd."
2023-10-20,"9 § 10 LSS, daglig
verksamhet","Avbrott i verkställighet, pga hälsotillstånd, den
enskilde medverkar inte till verkställighet."
2023-12-18,"9 § 10 LSS, daglig
verksamhet","Avbrott i verkställighet, den enskilde medverkar inte
till verkställighet."
2024-01-29,"9 § 10 LSS, daglig
verksamhet","Avbrott i verkställighet, pga hälsotillstånd."
2024-02-09,"9 § 10 LSS, daglig
verksamhet","Avbrott i verkställighet, den enskilde tackat nej till
erbjudande 2024-02-09. Vill inte avsluta insatsen utan
pausa på obestämd tid."
2024-03-15,"9 § 10 LSS, daglig
verksamhet","Avbrott i verkställighet, praktikplatsen har avslutat
platsen. Den enskilde vill avvakta uppstart till hösten."
