Diarienummer VO-2025-00045,Diarienummer VO-2025-00201
Diarienummer VO-2025-00109,Diarienummer VO-2025-00229
Diarienummer VO-2025-00137,Diarienummer VO-2025-00232
Diarienummer VO-2025-00145,Diarienummer VO-2025-00240
Diarienummer VO-2025-00148,Diarienummer VO-2025-00249
Diarienummer VO-2025-00151,Diarienummer VO-2025-00251
Diarienummer VO-2025-00160,Diarienummer VO-2025-00256
Diarienummer VO-2025-00166,Diarienummer VO-2025-00270
Diarienummer VO-2025-00174,Diarienummer VO-2025-00272
Diarienummer VO-2025-00186,Diarienummer VO-2025-00281
Diarienummer VO-2025-00191,Diarienummer VO-2025-00282
Diarienummer VO-2025-00193,Diarienummer VO-2025-00283
Diarienummer VO-2025-00199,
