Statsbidrag,Belopp
"Införande av ny socialtjänstdataregisterlag, Socialstyrelsen",167 095
"Habiliteringsersättning, Socialstyrelsen",2 290 126
"Införandet av nya socialtjänstlag, Socialstyrelsen",4 603 552
"Insatser inom området psykisk hälsa barn och unga,
Kammarkollegiet",1 960 660
"Insatser inom området psykisk hälsa och suicidprevention,
Regionen",1 307 236
"Statsbidrag förebygga och motverka brott, Socialstyrelsen",1 350 550
"Avhopparmedel, Polismyndigheten",204 000
Placeringar barn och unga,1 351 830
"Statsbidrag fritidskort familjehemsplacerade barn, Socialstyrelsen",55 650
"Skolsociala team, Socialstyrelsen",512 950
Totalt,13 803 657
