Nr,Lagrum/stöd,Delegeringens omfattning,"Ansvarig
delegat","Taget beslut och datum för
beslutet"
2.8.3,"37§ Lokala avfallsföreskrifter för
Kungsbacka kommun",Besluta om godkännande av kompostering av matavfall,"FC
Anette
Englund,
administratör
Kund &
Kommun-
ikation","260623, 1 st
260721, 1 st
260723, 1 st
260729, 1 st
260807, 1 st
260825, 1 st
260827, 1 st"
2.8.5,"42 § Lokala avfallsföreskrifter för
Kungsbacka kommun",Besluta om att använda gemensam avfallsbehållare,"Fc
Anette
Englund,
administratör
Kund &
kommunikatio
n","260604, 2 st
260701, 1 st
260810, 2 st"
2.8.6,"43, 43a §§ Lokala avfallsföreskrifter för
Kungsbac kommun",Besluta om tillfälligt uppehåll i sophämtning,"Fc
Anette
Englund,
administratör
Kund &
kommunikation","260601, 3 st
260604, 2 st
260605, 1 st
260608, 2 st
260609, 1 st
260623, 1 st
260625, 2 st
260626, 1 st
260629, 2 st
260701, 1 st
260702, 1 st
260707, 1 st
260713, 1 st"
