Nr,Lagrum,Delegeringens omfattning,"Delegerat
till","Med rätt
att vidare-
delegera",Anmärkning
4.2.34,"PBL 9 kap. 2 § 1
st. 3 c) och 8 § 1 st.
2 c)","Bevilja/avslå ansökan som avses i
4.2.33",BNAU,,
4.2.35,"PBL 9 kap. 3 c §
och 8 § 1 st. 9","Bevilja ansökan om att på byggnad
montera solcellspaneler och sol-
fångare när byggnad är särskilt värde-
full från historisk, kulturhistorisk,
miljömässig eller konstnärlig
synpunkt samt om åtgärden är inom
eller i anslutning till ett riksintresse.",BNAU,,
4.2.36,"PBL 9 kap. 3 c §
och 8 § 1 st. 9","Avslå ansökan om att på byggnad
montera solcellspaneler och sol-
fångare när byggnad är särskilt värde-
full från historisk, kulturhistorisk,
miljömässig eller konstnärlig
synpunkt samt om åtgärden är inom
eller i anslutning till ett riksintresse.",BNAU,,
4.2.37,"PBL 9 kap. 8 § 1
st. 2 b","Besluta om att i område av värdefull
miljö underhålla ett byggnadsverk
eller ett bebyggelseområde som avses
i 8 kap. 13 § PBL i den utsträckning
som framgår av detaljplan eller
områdesbestämmelser.",BNAU,,"Avser utökad
lovplikt för
underhålls-
åtgärder"
4.2.38,PBL 9 kap. 10 §,"Beslut om rivningslov inom ramen
för föreskrifter som anges i 9 kap. 34
§ PBL, dock ej rivning av byggnad
som ur historisk, kulturhistorisk,
miljömässig eller konstnärlig syn-
punkt har större värde eller rivning
som kräver beslut enligt annan
författning.",FC,X,
4.2.39,PBL 9 kap. 10 §,"Bevilja/avslå ansökan som avses i
4.2.38",BNAU,,
4.2.40,"PBL 9 kap. 11-13
§§","Beslut om marklov inom ramen för
föreskrifterna i 9 kap. 35 § PBL",FC,X,
4.2.41,"PBL 9 kap. 11-13
§§","Bevilja/avslå ansökan som avses i
4.2.40",BNAU,,
4.2.42,PBL 9 kap. 14 §,"Pröva ansökan om lov för åtgärder
som inte kräver lov",FC,X,
4.2.43,PBL 9 kap. 17 §,"Lämna positivt förhandsbesked för
en- eller tvåbostadshus, där hinder
enligt översiktsplanen inte föreligger",FC,X,
