2.2.5,"Upphandlings-
lagstiftningen och
kommunens
policy och
riktlinjer","Förhandling med
entreprenör och beslut
avseende förändringar,
upp till 100-300
basbelopp. Övre gräns är
beslutad budget.",FC,,"I samråd med Inköp.
Beslutad budget i
kommunfullmäktige är
övre gräns."
2.2.6,"Upphandlings-
lagstiftningen och
kommunens
policy och
riktlinjer","Förhandling med entreprenör
och beslut avseende mindre
förändringar, upp till 100
basbelopp. Övre gräns är
beslutad budget.",FC,X,"I samråd med Inköp.
Beslutad budget i
kommunfullmäktige är
övre gräns."
2.2.7,"Upphandlings-
lagstiftningen och
kommunens
policy och
riktlinjer","Vara beställarens ombud under
anbudstid och
byggentreprenad.",FC,X,
2.2.8,,"Teckna avtal om
personbilshantering.",FC,X,
2.2.9,"Nämndens beslut
om nämndbudget
och Kungsbacka
styrmodell","Beslut om förvaltningsbudget
med fördelning på
verksamhetsnivå.",FC,,
2.2.10,Attestreglementet,"Utse beslutsattestanter och
ersättare för nämndens
verksamheter.",FC,,"Anmäls till nämnden en gång
per år."
2.2.11,"Regler för
kommunens
likvidplanering,
krav-och inkasso
verksamhet samt
kontanthantering.
Fastställt av
Kommun-
fullmäktige
2010-09-07 § 160","Beslut om att avskriva
utestående fordringar upp till
ett prisbasbelopp.",FC,X,"Avskrivning om högst
ett basbelopp får
vidaredelegeras.
Belopp upp till
0,5 prisbasbelopp
utgör verkställighet."
2.2.12,,"Försäljning av material.
Över ett prisbasbelopp.
Upp till ett prisbasbelopp.","FC
FC",X,
2.2.13,,"Hantera externa hyresavtal
avseende lokaler mellan
kommun och hyresvärd med
upp till 4 års avtalstid och en
årshyra upp till 30 basbelopp
exklusive mervärdesskatt.",FC,X,
