Miljoner kronor,"Bokslut
2025","Budget
2026","Prognos
2026","Budget-
avvikelse","Delår
2025","Delår
2026","Avvikelse
delår"
"Byggnadsnämnd
en","-1,4","-1,7","-1,4","0,3","-0,9","-0,9","0,0"
,,,,,,,
"Geodata &
Bygglov",,,,,,,
Intäkter,"29,8","25,5","26,0","0,5","19,8","17,8","-2,0"
Kostnader,-53,"-50,7","-52,7","-2,0","-33,9","-35,3","-1,4"
,,,,,,,
"Miljö &
Hälsoskydd",,,,,,,
Intäkter,"19,7","21,1","19,7","-1,4","12,6","12,0","-0,6"
Kostnader,"-33,8","-34,5","-34,9","-0,4","-22,4","-23,0","-0,6"
,,,,,,,
"Kommungemens
amt program
(externa
kostnader",,,,,,,
Intäkter,"2,7","9,2","5,1","-4,1","1,9","1,9","0,0"
Kostnader,"-2,7","-9,2","-5,1","4,1","-1,9","-1,9","0,0"
"Periodens
resultat","-38,7","-40,3","-43,3","-3,0","-24,8","-29,4","-4,6"
