Delegat,Ärende
,"KSAU 2024-03-26, KSAU 2024-04-09,
KSAU 2024-04-16"
Administrativ chef,Anställning av utvecklare
Biträdande kommundirektör,Personuppgiftsbiträdesavtal - Microdeb
Samhällsbyggnadschef,"Kommunstyrelsen avstår från att lämna yttrande
över Varbergs kommuns remiss om granskning av
detaljplan för Stocken 2:4."
Mark- och exploateringschef,"Överenskommelse om fastighetsreglering Nötegång
1:121 och 1:91 - Eksta Bostads AB"
Mark- och exploateringschef,"Servitutsavtal Nötegång 1:121 - dricksvatten-,
spillvatten-, dagvatten- och bredband"
Exploateringshandläggare,Servitutsavtal Varla 2:412 - Teleledningar
Exploateringshandläggare,Servitutsavtal Kalvhult 1:2 - Teleledningar
Exploateringshandläggare,Servitutsavtal Förlanda-Rya 1:2 - Teleledningar
Exploateringshandläggare,Servitutsavtal Förlanda-Rya 1:3 - Teleledningar
Exploateringshandläggare,Servitutsavtal Förlanda-Rya 1:4 - Teleledningar
