Nr,Lagrum/stöd,Delegeringens omfattning,"Delegerat
till","Med
rätt att
vidare-
delege
ra",Anmärkning
6.1.1,"Upphandlingslagstiftning
en
Kommunens policy och
riktlinjer","Beslut om upphandling inom
nämndens verksamhetsområde.
Beslutanderätten innefattar:
- att inleda upphandling och
vilket förfarande som ska
användas,
- tilldelning av kontrakt eller
återtagande av tilldelning
- underteckna avtal efter att
avtalsspärren löpt ut
alternativt efter att domstol
avslagit ansökan om
överprövning
- avbryta upphandling och
återupptagande av avbruten
upphandling
- ändring och tillägg till avtal
- utkrävande av vite enligt avtal
- uppsägning eller hävning av
avtal",FC,X,
6.1.2,,"Beslut om att, inom ramen för
tilldelad budget, ingå avtal som
inte omfattas av
upphandlingslagstiftningen",FC,,
6.1.3,"Nämndens beslut om
nämndbudget och
Kungsbacka styrmodell","Beslut om förvaltningsbudget
med fördelning på
verksamhetsnivå.",FC,,
6.1.4,"Kommunens
attestreglemente",Utse beslutsattestanter,FC,,
6.1.5,"Regler för kommunens
likvidplanering, krav-
och inkassoverk-samhet
och kontanthantering","Beslut om att avskriva utestående
fordringar upp till ett basbelopp
Beslut om att avskriva utestående
fordringar om högst ett basbelopp","FC
FC",X,
