Dokumentnamn,"Beslutande
paragraf
(ärendets
diarienummer)",Orsak till upphävning
"Policy för prövning av
hästärenden","MH § 59/07
(MH 2006–
2134)","Miljö & Hälsoskydd har en
intern rutin för
remissförfarande och
Folkhälsomyndigheten har
sedan antagen policy arbetat
fram råd om skyddsavstånd
vid planering och byggnation
som ersätter hästpolicyn."
Katthållning - policy,"MHN § 153/00
(MH 2000–
1410)","Med uppdaterad lagstiftning
och praxis inom området är
policyn inte längre aktuell.
Ärenden ska i stället hänvisas
till Lag (2017:1150) om
tillsyn över hundar och katter
samt att visst tillsynsansvar
är flyttat till Länsstyrelsen
och polisen."
"Enhetliga regler för
avloppsföreningars
dispensansökningar -
Kompletteringar till Strategi
för prövning av enskilda
avlopp 2010","MHN § 137/13
(MH 2013–
3877)","Komplettering till strategi
upphävdes inte i samband
med att ny övergripande
avloppsstrategi antogs av
nämnden år 2014."
"Revidering av avloppsstrategi
för Kungsbacka kommun -
Strategi för prövning av
enskilda avlopp","NMH § 98/14
(MH 2014–
1157)","Har sedan antagen strategi
tillkommit övergripande
vägledning från Havs- och
vattenmyndigheten (HaV)
som tillämpas i prövning."
"Tidsbegränsning vid förbud av
bristfälliga enskilda
avloppsanläggningar - Ändring
av Strategi för prövning av
enskilda avlopp","NMH § 73/15
(MH 2015–
1782)","Ej relevant när
huvudstrategin NMH § 98/14
hävs."
