,"2.10 Lagen med särskilda bestämmelser om vård av
unga, LVU
Nämndens ansvar enligt LVU gäller endast för ensamkommande barn och
unga enligt nämndens reglemente daterar 2018-01-19 (GV/2017:119)",,,
Nr,Lagrum/stöd,Delegeringens omfattning,Delegerat till,Anmärkning/villkor
2.10.1,4 § LVU,Beslut om att ansöka om vård enligt LVU hos förvaltningsrätt,Utskott,
2.10.2,6 § LVU,Beslut om omedelbart omhändertagande av ungdom under 20 år,Utskott,
2.10.3,9 § 3 st LVU,"Beslut om att ett ombedelbart omhändertagande genast ska
upphöra",Utskott,
2.10.4,8 § LVU,"Ansökan om förlängd tid för ansökan om vård hos
förvaltningsrätten",Ec,
2.10.5,11 § 1 st LVU,"Beslut om hur vården ska ordnas och var den unge ska vistas
under vårdtiden",Utskott,
2.10.6,11 § 2 st LVU,Beslut om att den unge får vistas i sitt eget hem under vårdtiden,Utskott,
2.10.7,11 § 4 st LVU,"Beslut om den unges personliga förhållande i den mån beslutet
inte är att hänföra till 11 § 1 och 2 st LVU",Vc KC,
2.10.8,13 § 1 och 2 st LVU,Övervägande om vård med stöd av 2 § LVU fortfarande behövs,Utskott,
2.10.9,13 § 1 och 3 st LVU,Prövning om vård med stöd av 3 § LVU ska upphöra,Utskott,
2.10.10,21 § LVU,Beslut om att vård enligt LVU ska upphöra,Utskott,
