Projekt VA- ledningsnät,"Budget enligt beslut i
januari nämnden för teknik
i januari 2024 i kronor","Nytt förslag till beslut i AU,
i kronor"
"3528 VUTB Nya service,
befintliga anläggningar UT",5 000 000,4 000 000
"3539 VUTB Nya service,
befintliga anläggningar IN",-15 000 000,-20 500 000
"3515 Reinvestering, VA
anläggningar",99 000 000,50 519 000
5055 Reservvatten Varberg,2 000 000,250 000
5550 VUTB Vattenkiosker,500 000,0
"5507 VUTB Reservvatten
Göteborg",57 200 000,43 010 000
"5059 VUTB Digitala
Vattenmätare",4 000 000,4 000 000
"5060 VUTN
Voxlöv/Björkris",24 000 000,24 000 000
"550P VUTB Fjärås VV-
Hammerö
uppdimensionering vatten
etapp 2",15 000 000,46 000 000 (tidigarelagd)
"550Q VUTB Fjärås VV-
Hammerö",5 000 000,800 000
