,Ärende,Beteckning,Förslag
5.,"Laddinfrastruktur i Kungsbacka
kommun","TE-2024-00604
Helena Bang,
18:10 – 18:35","Nämnden för Teknik noterar informationen till
protokollet."
6.,"Framtidens avloppsrening i
Kungsbacka","TE-2018-00895
Joakim Ekberg,
18:35 – 18:50","Nämnden för Teknik noterar informationen till
protokollet."
7.,"Beslut om reviderad riktlinje
gällande anslutning utanför
verksamhetsområde","TE-2024-01214
Maria
Hellström,
18:50 – 19:15","Nämnden för Teknik godkänner revideringen av
riktlinje för anslutning till kommunalt vatten och
avlopp utanför verksamhetsområde."
8.,"Tillämpningsregler för särskild
kollektivtrafik, färdtjänst 2025","TE-2024-01199
Maria
Hellström,
20:00 – 20:15","Nämnden för Teknik antar reviderade
Tillämpningsregler för särskild kollektivtrafik -
Färdtjänst, att börja gälla per den 1 januari 2025.
Tillämpningsregler särskild kollektivtrafik -
Färdtjänst, beslutade av nämnden för Teknik
2024-01-17 § 9 upphör samtidigt att gälla."
