"Förskoleklass, Grundskola och
Anpassad grundskola","Grundbelopp
kommunal
2025","Grundbelopp
kommunal
2025 (justering
löneuppräkning)","Grundbelopp
fristående
2025","Grundbelopp
fristående
2025 (justering
löneuppräkning)"
Förskoleklass,44 744,44 872,87 377,87 513
Grundskola åk 1-3,53 871,54 027,98 287,98 454
Grundskola åk 4-6,63 633,63 818,108 799,108 997
Grundskola åk 7-9,72 052,72 261,117 844,118 070
Integrerad anpassad grundskola nivå 1,400 388,401 570,535 416,536 874
Integrerad anpassad grundskola nivå 2,236 080,236 781,359 024,359 964
Anpassad grundskola,444 847,446 155,517 169,518 573
