Hantera underlag,"Beskrivning av
återställningsåtgärderna",BAB-online,Digital,Se anmärkning,"Gallras inom ett år från det att personen har
avlidit."
,Specifikation av kostnader/offert,BAB-online,Digital,Se anmärkning,"Gallras inom ett år från det att personen har
avlidit."
Besluta,Beslut om återställningsbidrag,BAB-online,Digital,Se anmärkning,"Gallras inom ett år från det
att personen har avlidit."
Överklaga,Överklagan tillsammans med bilagor,BAB-online,Digital,Se anmärkning,"Gallras inom ett år från det
att personen har avlidit."
Registrera,"Underrättelse från förvaltningsrätt om
yttrande över innehåll i handlingar",BAB-online,Digital,Se anmärkning,"Gallras inom ett år från det att personen har
avlidit."
"Avge yttrande till högre
instans",Yttrande,BAB-online,Digital,Se anmärkning,"Gallras inom ett år från det att personen har
avlidit."
Överprövning av beslut,Beslut från förvaltningsrätt,BAB-online,Digital,Se anmärkning,"Gallras inom ett år från det att personen har
avlidit.
Beslut om att exempelvis avslå yrkande om
muntlig förhandling och avvisa
överklagande."
,Dom från förvaltningsrätt,BAB-online,Digital,Se anmärkning,"Gallras inom ett år från det att personen har
avlidit."
,"Beslut från kammarrätt och högsta
förvaltningsdomstol om
prövningstillstånd",BAB-online,Digital,Se anmärkning,"Gallras inom ett år från det att personen har
avlidit."
