,Tvättrutin,EDP Vision,Digitalt,10 år,
,Ventilation,EDP Vision,Digitalt,10 år,"Dragskåp kemisal, utsug träslöjd, luftrenare
syslöjd, skolans ventilationsaggregat."
,"Dokumenterad
egenkontroll",EDP Vision,Digitalt,10 år,
,"Undersökningar och
bedömningar av
verksamhetens risker ur
hälso- och
miljösynpunkt",EDP Vision,Digitalt,10 år,"Allergier, smitta/infektion, nickel och andra
skador så som ärrbildningar."
Granska och bedöma,"Begäran om
komplettering",EDP Vision,Digitalt,10 år,
,Korrespondens,EDP Vision,Digitalt,10 år,"Korrespondens av ringa eller tillfällig
betydelse rensas när ärendet avslutas."
"Skriva och skicka ut
inspektionsrapport och
tidkort",Inspektionsrapport,EDP Vision,Digitalt,Bevaras,
,Tidkort,EDP Vision,Digitalt,10 år,
"Skicka underrättelse inför
beslut om föreläggande och
svar kommer in från
verksamhetsutövare","Kommunicera enligt
förvaltningslagen",EDP Vision,Digitalt,Bevaras,
,"Svar på kommunicering
enligt förvaltningslagen",EDP Vision,Digitalt,Bevaras,
Besluta om föreläggande,Tjänsteskrivelse,EDP Vision,Digitalt,Bevaras,
,Beslut,EDP Vision,Digitalt,Bevaras,
"Delge beslut och signerat
delgivningskvitto kommer
in",Delgivningskvitto,EDP Vision,Digitalt,10 år,
,"Påminnelse signering
delgivningskvitto",EDP Vision,Digitalt,10 år,
Överklagan kommer in,Överklagan,EDP Vision,Digitalt,Se anmärkning,"Se separat process, 1.4.4.1 Hantera
överklagande och omprövning."
