,Ärende,Beteckning,Förslag,Tid
21.,"FRILLESÅS-RYA 2:31 -
Bygglov för inredande av
ytterligare bostad/lokal i
enbostadshus, rawfood-bageri","BN-2023-
001220","Förslag till beslut
Byggnadsnämndens arbetsutskott beviljar
bygglov för inredande av ytterligare
bostad/lokal i enbostadshus, rawfood-bageri.
Lovet upphör att gälla om åtgärden inte har
påbörjats inom två år och avslutats inom
fem år från det att beslutet vann laga kraft.
Golvhöjden för lokalen är samma som
befintligt bostadshus.
Kontrollansvarig för åtgärden är
Avgiften för beslutet är 46 250 kronor. Av
detta kostar bygglovet 22 500 kronor och
byggskedet kostar 23 750 kronor. Observera
att eventuell utstakning och lägeskontroll
inte är med i ovanstående belopp.
Avgiften är fastställd i taxan för
byggnadsnämndens verksamhet, beslutad i
kommunfullmäktige 2022-12-06 § 236.",5 min
22.,"RÅÖ 1:11 - Bygglov för
tillbyggnad av verksamhet samt
mur","BN-2024-
000117","Förslag till beslut
Byggnadsnämndens arbetsutskott beviljar
bygglov för tillbyggnad av verksamhet samt
mur.
Lovet upphör att gälla om åtgärden inte har
påbörjats inom två år och avslutats inom
fem år från det att beslutet vann laga kraft.
Kontrollansvarig för åtgärden är
Avgiften för beslutet är 67 830 kronor. Av
detta kostar bygglovet 41 230 kronor och
byggskedet 26 600 kronor. Observera att
eventuell utstakning och lägeskontroll inte
är med i ovanstående belopp.
Avgiften är fastställd i taxan för
byggnadsnämndens verksamhet, beslutad i
kommunfullmäktige 2023-12-14 § 196.",5 min
